國家/地區,月繳（目前）,年繳（目前）
丹麥,DKK 38.00,DKK 259.00
亞塞拜然,AZN 7.99,AZN 53.57
以色列,ILS 14.00,ILS 94.90
伊拉克,IQD 6150,IQD 41300
俄羅斯,RUB 399.00,RUB 2690.00
保加利亞,EUR 4.89,EUR 32.99
克羅埃西亞,EUR 4.99,EUR 33.99
列支敦斯登,CHF 4.20,CHF 28.00
加拿大,CAD 6.49,CAD 43.99
匈牙利,HUF 1890,HUF 12499
南非,ZAR 87.99,ZAR 589.99
南韓,KRW 7000,KRW 47000
卡達,QAR 17.00,QAR 115.00
印尼,IDR 84000,IDR 590000
印度,INR 520.00,INR 3550.00
厄瓜多,USD 4.69,USD 31.99
台灣,TWD 160.00,TWD 1050.00
哈薩克,KZT 2390.00,KZT 15990.00
哥倫比亞,COP 15000,COP 101000
哥斯大黎加,CRC 2100.00,CRC 14100.00
喀麥隆,XAF 3200,XAF 21600
喬治亞,GEL 14.00,GEL 99.00
土克斯及開科斯群島,USD 4.69,USD 31.99
土耳其,TRY 274.99,TRY 1849.99
坦尚尼亞,TZS 12000.00,TZS 83000.00
埃及,EGP 279.99,EGP 1849.99
塞內加爾,XOF 3200,XOF 21300
塞爾維亞,RSD 599,RSD 3899
墨西哥,MXN 95.00,MXN 629.00
奈及利亞,NGN 6710.00,NGN 45000.00
奧地利,EUR 4.89,EUR 32.99
孟加拉,BDT 650.00,BDT 4500.00
密克羅尼西亞,USD 4.69,USD 31.99
巴基斯坦,PKR 1300.00,PKR 8700.00
巴拉圭,PYG 30000,PYG 175000
巴拿馬,USD 4.69,USD 31.99
巴林,USD 4.99,USD 34.99
巴西,BRL 23.99,BRL 159.99
希臘,EUR 4.99,EUR 33.99
德國,EUR 4.89,EUR 32.99
愛沙尼亞,EUR 4.99,EUR 33.99
愛爾蘭,EUR 4.99,EUR 33.99
拉脫維亞,EUR 4.99,EUR 32.99
挪威,NOK 55.00,NOK 375.00
捷克,CZK 119.99,CZK 799.99
摩洛哥,MAD 53.99,MAD 359.99
摩納哥,EUR 4.89,EUR 32.99
斯洛伐克,EUR 4.99,EUR 33.99
斯洛維尼亞,EUR 4.99,EUR 33.99
斯里蘭卡,LKR 1550.00,LKR 10375.00
新加坡,SGD 6.49,SGD 43.98
日本,JPY 820,JPY 5500
智利,CLP 5300,CLP 35500
柬埔寨,USD 4.69,USD 31.99
梵蒂岡,EUR 4.09,EUR 27.99
比利時,EUR 4.99,EUR 32.99
沙烏地阿拉伯,SAR 19.99,SAR 134.99
法國,EUR 4.89,EUR 32.99
波蘭,PLN 21.99,PLN 144.99
泰國,THB 175.00,THB 1125.00
澳洲,AUD 7.49,AUD 48.99
澳門,MOP 37.99,MOP 258.00
烏克蘭,UAH 254.99,UAH 1699.99
烏茲別克,UZS 63120.00,UZS 423480.00
玻利維亞,BOB 56.99,BOB 379.99
瑞典,SEK 59.00,SEK 389.00
瑞士,CHF 3.90,CHF 26.00
百慕達,USD 4.69,USD 31.99
盧森堡,EUR 4.79,EUR 31.99
直布羅陀,GBP 3.49,GBP 23.49
科威特,USD 4.69,USD 31.99
秘魯,PEN 15.99,PEN 104.99
立陶宛,EUR 4.99,EUR 32.99
約旦,JOD 3.350,JOD 22.300
紐西蘭,NZD 9.49,NZD 64.99
緬甸,MMK 10000,MMK 66000
羅馬尼亞,RON 25.99,RON 174.99
美國,USD 4.69,USD 31.99
義大利,EUR 4.99,EUR 33.99
聖馬利諾,EUR 4.09,EUR 27.99
肯亞,KES 700.00,KES 4700.00
芬蘭,EUR 4.99,EUR 34.99
英國,GBP 4.19,GBP 28.49
英屬維京群島,USD 4.69,USD 31.99
荷蘭,EUR 4.99,EUR 32.99
菲律賓,PHP 330.00,PHP 2200.00
葡萄牙,EUR 4.99,EUR 33.99
蒙古,MNT 16900.00,MNT 113200.00
薩爾瓦多,USD 4.69,USD 31.99
衣索比亞,ETB 744.86,ETB 4993.70
西班牙,EUR 4.99,EUR 32.99
象牙海岸,XOF 3200,XOF 21300
賽普勒斯,EUR 4.89,EUR 32.99
越南,VND 122000,VND 820000
迦納,GHS 65.00,GHS 440.00
開曼群島,USD 4.69,USD 31.99
阿拉伯聯合大公國,AED 17.99,AED 119.99
阿曼,USD 4.89,USD 32.99
阿根廷,ARS 7026.50,ARS 47107.45
阿爾及利亞,DZD 625.00,DZD 4200.00
香港,HKD 38.00,HKD 248.00
馬來西亞,MYR 20.99,MYR 139.99
其他國家/地區（USD 群組，約 73 國合計含 EUR 群組）,USD 4.70（部分 5.31／5.64）,USD 31.51（部分 35.61／37.18／37.81）
其他國家/地區（EUR 群組）,EUR 4.11／4.85,EUR 27.56／32.52
