id	ngsl_index	word	form	sentence	zh-TW	level	category	primary_word_id	secondary_word_ids	phrase_candidate	tagging_notes
1701	1700	religion	religions	We learned about different religions in class.	我們在課堂上認識了不同的宗教。	B1	study	ngsl_2809_1700	ngsl_2809_0260|ngsl_2809_0148|ngsl_2809_0361		
1702	1701	employer	employer	My employer pays for my lunch.	我的雇主會幫我出午餐錢。	B1	work	ngsl_2809_1701	ngsl_2809_0219|ngsl_2809_1333	pay for	
1703	1702	reject	rejected	My card was rejected at the store.	我的卡在店裡被拒刷了。	B1	shopping	ngsl_2809_1702	ngsl_2809_0780|ngsl_2809_0616		reject 在此為「拒絕（刷卡）」
1704	1703	latter	latter	Coffee or tea? I'll have the latter.	咖啡還是茶？我要後者。	B2	food	ngsl_2809_1703	ngsl_2809_1394|ngsl_2809_1598	the latter	
1705	1704	plate	plate	Can I get a clean plate?	可以給我一個乾淨的盤子嗎？	A2	food	ngsl_2809_1704	ngsl_2809_0042|ngsl_2809_0841		
1706	1705	ban	banned	Smoking is banned in all restaurants.	所有餐廳都禁止吸菸。	B1	food	ngsl_2809_1705	ngsl_2809_1229|ngsl_2809_0918		
1707	1706	steal	stole	Someone stole my bike last night.	昨晚有人偷了我的腳踏車。	A2	daily	ngsl_2809_1706	ngsl_2809_0438|ngsl_2809_1978|ngsl_2809_0100|ngsl_2809_0269		
1708	1707	protest	protested	Customers protested about the price increase.	顧客對漲價提出抗議。	B2	news	ngsl_2809_1707	ngsl_2809_0486|ngsl_2809_0295|ngsl_2809_0229		
1709	1708	index	index	Check the index at the back of the book.	看一下書後面的索引。	B2	study	ngsl_2809_1708	ngsl_2809_0579|ngsl_2809_0093|ngsl_2809_0170		
1710	1709	sad	sad	I'm sad that you're leaving.	你要走了，我很難過。	A1	social	ngsl_2809_1709	ngsl_2809_0125		
1711	1710	frequently	frequently	This bus runs frequently.	這班公車班次很密集。	B1	travel	ngsl_2809_1710	ngsl_2809_0809|ngsl_2809_0191		
1712	1711	circle	circle	Please circle the correct answer.	請把正確答案圈起來。	A2	study	ngsl_2809_1711	ngsl_2809_0470|ngsl_2809_1031|ngsl_2809_0354		circle 在此為動詞「圈起來」
1713	1712	helpful	helpful	Thanks, that's very helpful.	謝謝，這很有幫助。	A2	social	ngsl_2809_1712	ngsl_2809_0243		
1714	1713	command	command	She has a good command of English.	她的英文能力很好。	C1	study	ngsl_2809_1713	ngsl_2809_0055	a good command of	command 在此為「掌握、運用能力」，非「命令」
1715	1714	attractive	attractive	The offer sounds very attractive.	這個方案聽起來很吸引人。	B1	work	ngsl_2809_1714	ngsl_2809_0236|ngsl_2809_0389		
1716	1715	sick	sick	I called in sick today.	我今天請病假。	A2	work	ngsl_2809_1715	ngsl_2809_0104|ngsl_2809_0245	call in sick	
1717	1716	impression	impression	He made a good impression at the interview.	他在面試時給人留下好印象。	B1	work	ngsl_2809_1716	ngsl_2809_0047|ngsl_2809_0055|ngsl_2809_0783	make a good impression	
1718	1717	unable	unable	I'm unable to come to the meeting.	我沒辦法參加會議。	B1	work	ngsl_2809_1717	ngsl_2809_0064	be unable to	
1719	1718	joke	joking	I was only joking.	我只是開玩笑的。	A2	social	ngsl_2809_1718	ngsl_2809_0073		joke 在此為動詞「開玩笑」
1720	1719	sky	sky	The sky is so clear today.	今天天空好晴朗。	A1	daily	ngsl_2809_1719	ngsl_2809_0368|ngsl_2809_0245		
1721	1720	column	column	Add the numbers in this column.	把這一欄的數字加總。	B1	work	ngsl_2809_1720	ngsl_2809_0413|ngsl_2809_0126		
1722	1721	electronic	electronic	We sell electronic goods.	我們販售電子產品。	B1	shopping	ngsl_2809_1721	ngsl_2809_0417	electronic goods	
1723	1722	impose	impose	I don't want to impose on you.	我不想給你添麻煩。	C1	social	ngsl_2809_1722	ngsl_2809_0075	impose on	impose 在此為「打擾、給人添麻煩」
1724	1723	criminal	criminal	Shoplifting is a criminal offense.	在商店順手牽羊是刑事犯罪。	B2	official	ngsl_2809_1723	ngsl_2809_2343		criminal 在此為形容詞「刑事的」
1725	1724	besides	besides	Who else is coming besides Tom?	除了 Tom，還有誰要來？	B1	social	ngsl_2809_1724	ngsl_2809_0465|ngsl_2809_0064		besides 在此為介系詞「除了」
1726	1725	properly	properly	Make sure the door is properly closed.	確定門有關好。	B1	daily	ngsl_2809_1725	ngsl_2809_0047|ngsl_2809_0278|ngsl_2809_0489|ngsl_2809_0238	make sure	
1727	1726	ancient	ancient	We visited an ancient temple.	我們參觀了一座古老的寺廟。	B1	travel	ngsl_2809_1726	ngsl_2809_0332		
1728	1727	coast	coast	We drove along the coast.	我們沿著海岸開車。	B1	travel	ngsl_2809_1727	ngsl_2809_0386|ngsl_2809_0387		
1729	1728	ill	ill	She's been ill for a week.	她已經病了一個星期。	B1	health	ngsl_2809_1728	ngsl_2809_0156		
1730	1729	kick	kicked	He kicked the ball over the fence.	他把球踢過了圍籬。	A2	social	ngsl_2809_1729	ngsl_2809_1200|ngsl_2809_2667		
1731	1730	closely	closely	Listen closely to the instructions.	仔細聽指示。	B1	study	ngsl_2809_1730	ngsl_2809_0572|ngsl_2809_1671		
1732	1731	multiple	multiple	You can choose multiple answers.	你可以選多個答案。	B1	study	ngsl_2809_1731	ngsl_2809_0446|ngsl_2809_0354		
1733	1732	yield	yielded	The new method yielded good results.	新方法得到了很好的成果。	C1	work	ngsl_2809_1732	ngsl_2809_0078|ngsl_2809_0754|ngsl_2809_0055|ngsl_2809_0232		
1734	1733	via	via	I'll send it to you via email.	我會用電子郵件寄給你。	B1	work	ngsl_2809_1733	ngsl_2809_0322|ngsl_2809_1168		
1735	1734	legislation	legislation	New legislation will protect online shoppers.	新法規將會保障網購消費者。	C1	news	ngsl_2809_1734	ngsl_2809_0078|ngsl_2809_0902|ngsl_2809_1793		
1736	1735	county	county	She grew up in a small county.	她在一個小縣城長大。	B2	daily	ngsl_2809_1735	ngsl_2809_0334|ngsl_2809_0185	grow up	
1737	1736	unlike	unlike	Unlike me, my sister loves spicy food.	跟我不一樣，我妹妹很愛吃辣。	B1	food	ngsl_2809_1736	ngsl_2809_0963|ngsl_2809_0228|ngsl_2809_0366		
1738	1737	mobile	mobile	What's your mobile number?	你的手機號碼是多少？	A2	phone	ngsl_2809_1737	ngsl_2809_0126	mobile number	
1739	1738	assistant	assistant	Ask the shop assistant for help.	請店員幫忙。	A2	shopping	ngsl_2809_1738	ngsl_2809_0133|ngsl_2809_0436|ngsl_2809_0132	shop assistant	
1740	1739	implement	implement	We'll implement the new system next month.	我們下個月會實施新系統。	B2	work	ngsl_2809_1739	ngsl_2809_0078|ngsl_2809_0178|ngsl_2809_0150|ngsl_2809_0208		
1741	1740	chart	chart	The chart shows our sales this year.	這張圖表顯示我們今年的業績。	B1	work	ngsl_2809_1740	ngsl_2809_0109|ngsl_2809_0397|ngsl_2809_0057		
1742	1741	attach	attached	I've attached the file to the email.	我已經把檔案附在電子郵件裡了。	B1	work	ngsl_2809_1741	ngsl_2809_0834|ngsl_2809_1168		
1743	1742	hell	hell	It's been a hell of a week.	這個星期真是累翻了。	B2	daily	ngsl_2809_1742	ngsl_2809_0156	a hell of a ...	口語強調用法，語氣隨便，正式場合避免
1744	1743	everywhere	everywhere	I looked everywhere for my keys.	我到處找我的鑰匙。	A2	daily	ngsl_2809_1743	ngsl_2809_0074|ngsl_2809_0658	look for	
1745	1744	advise	advise	I'd advise you to book early.	我建議你早點訂。	B1	travel	ngsl_2809_1744	ngsl_2809_0170|ngsl_2809_0196		
1746	1745	household	household	We share the household chores.	我們分攤家事。	B1	daily	ngsl_2809_1745	ngsl_2809_0352		
1747	1746	acknowledge	acknowledge	Please acknowledge receipt of this email.	收到這封郵件請回覆確認。	C1	work	ngsl_2809_1746	ngsl_2809_0470|ngsl_2809_1168		acknowledge 在此為「確認收到」
1748	1747	reward	reward	You deserve a reward for all your hard work.	你這麼努力，應該好好犒賞自己。	B1	work	ngsl_2809_1747	ngsl_2809_1871|ngsl_2809_0297|ngsl_2809_0066		
1749	1748	east	east	The hotel is east of the station.	飯店在車站的東邊。	A2	travel	ngsl_2809_1748	ngsl_2809_0758|ngsl_2809_0708		
1750	1749	hat	hat	Don't forget your hat. It's sunny.	別忘了帽子，外面太陽很大。	A1	daily	ngsl_2809_1749	ngsl_2809_0650		
1751	1750	academic	academic	The academic year starts in September.	學年從九月開始。	B2	study	ngsl_2809_1750	ngsl_2809_0057|ngsl_2809_0135	academic year	
1752	1751	voter	voters	Young voters care about housing prices.	年輕選民很在乎房價。	B2	news	ngsl_2809_1751	ngsl_2809_0237|ngsl_2809_0312|ngsl_2809_0295	care about	
1753	1752	meanwhile	meanwhile	I'll cook. Meanwhile, you can set the table.	我來煮飯，你可以同時擺餐具。	B1	daily	ngsl_2809_1752	ngsl_2809_1195|ngsl_2809_0184|ngsl_2809_0449	set the table	
1754	1753	furthermore	furthermore	The room was clean. Furthermore, the staff were kind.	房間很乾淨，而且工作人員也很親切。	B2	travel	ngsl_2809_1753	ngsl_2809_0253|ngsl_2809_0841|ngsl_2809_0430|ngsl_2809_0175		
1755	1754	accuse	accused	She accused me of lying.	她指控我說謊。	B2	social	ngsl_2809_1754	ngsl_2809_0581	accuse someone of	
1756	1755	scientific	scientific	There's no scientific proof for that.	那沒有科學根據。	B2	study	ngsl_2809_1755	ngsl_2809_2020		
1757	1756	wage	wage	The minimum wage went up this year.	今年基本工資調漲了。	B1	work	ngsl_2809_1756	ngsl_2809_1768|ngsl_2809_0030|ngsl_2809_0057	minimum wage	
1758	1757	absence	absence	Who will cover during her absence?	她不在的時候誰來代班？	B2	work	ngsl_2809_1757	ngsl_2809_0423		
1759	1758	construct	construct	They plan to construct a new bridge.	他們計畫蓋一座新橋。	B2	news	ngsl_2809_1758	ngsl_2809_0231|ngsl_2809_0078|ngsl_2809_1545		
1760	1759	remark	remark	That was a rude remark.	那句話很沒禮貌。	B2	social	ngsl_2809_1759			
1761	1760	medicine	medicine	Take this medicine after meals.	這個藥飯後吃。	A2	health	ngsl_2809_1760	ngsl_2809_0058|ngsl_2809_1249		
1762	1761	professor	professor	My professor gave me some good advice.	我的教授給了我一些好建議。	B1	study	ngsl_2809_1761	ngsl_2809_0076|ngsl_2809_0055|ngsl_2809_1039		
1763	1762	rare	rare	I like my steak rare.	我的牛排要三分熟。	B1	food	ngsl_2809_1762	ngsl_2809_0044		rare 在此為「（牛排）三分熟」，非「罕見的」
1764	1763	intention	intention	I had no intention of upsetting you.	我完全沒有要惹你不高興的意思。	B2	social	ngsl_2809_1763	ngsl_2809_2024	have no intention of	
1765	1764	dozen	dozen	I'd like a dozen eggs, please.	請給我一打雞蛋。	A2	shopping	ngsl_2809_1764	ngsl_2809_0044|ngsl_2809_1380|ngsl_2809_0470	a dozen	
1766	1765	settlement	settlement	Both sides reached a settlement.	雙方達成了和解。	C1	news	ngsl_2809_1765	ngsl_2809_0275|ngsl_2809_0379		settlement 在此為「和解、協議」
1767	1766	gap	gap	Mind the gap between the train and the platform.	請注意列車與月台間的空隙。	B1	travel	ngsl_2809_1766	ngsl_2809_0340|ngsl_2809_0288|ngsl_2809_2170	Mind the gap.	gap 在此為「空隙」
1768	1767	widely	widely	English is widely spoken here.	這裡英語很普遍。	B2	travel	ngsl_2809_1767	ngsl_2809_0283|ngsl_2809_0097		
1769	1768	minimum	minimum	There's a minimum order of two dishes.	最低消費是點兩道菜。	B1	food	ngsl_2809_1768	ngsl_2809_0214|ngsl_spoken_720_0070|ngsl_2809_1881		
1770	1769	northern	northern	We're traveling in northern Italy.	我們正在義大利北部旅行。	B1	travel	ngsl_2809_1769	ngsl_2809_0502		
1771	1770	estate	estate	She works for a real estate agent.	她在房仲公司上班。	B2	work	ngsl_2809_1770	ngsl_2809_0066|ngsl_2809_0353|ngsl_2809_0991	real estate	
1772	1771	equally	equally	Let's split the bill equally.	我們平分帳單吧。	B1	food	ngsl_2809_1771	ngsl_2809_1935|ngsl_2809_0887	split the bill	
1773	1772	expose	expose	Don't expose your skin to the sun too long.	皮膚不要曬太陽太久。	B2	health	ngsl_2809_1772	ngsl_2809_1460|ngsl_2809_1360|ngsl_2809_0114		
1774	1773	alive	alive	The fish is still alive!	這條魚還活著！	A2	food	ngsl_2809_1773	ngsl_2809_0827|ngsl_2809_0118		
1775	1774	shut	shut	Please shut the window.	請把窗戶關上。	A2	daily	ngsl_2809_1774	ngsl_2809_0470|ngsl_2809_0733		
1776	1775	victory	victory	The team celebrated their victory.	球隊慶祝他們的勝利。	B1	social	ngsl_2809_1775	ngsl_2809_0406|ngsl_2809_1607		
1777	1776	resolve	resolved	We resolved the issue quickly.	我們很快就解決了問題。	B2	work	ngsl_2809_1776	ngsl_2809_0217|ngsl_2809_0782		resolve 在此為動詞「解決」，非「決心」
1778	1777	critic	Critics	Critics loved the new movie.	影評很喜歡這部新電影。	B2	social	ngsl_2809_1777	ngsl_2809_0228|ngsl_2809_0078|ngsl_2809_0761		
1779	1778	variable	variable	The weather here is very variable.	這裡的天氣變化很大。	C1	daily	ngsl_2809_1778	ngsl_2809_1067|ngsl_2809_0097		variable 在此為形容詞「多變的」，非「變數」
1780	1779	enormous	enormous	The portions here are enormous.	這裡的份量超大。	B1	food	ngsl_2809_1779	ngsl_2809_2228|ngsl_2809_0097		
1781	1780	sweet	sweet	This cake is too sweet for me.	這個蛋糕對我來說太甜了。	A1	food	ngsl_2809_1780	ngsl_2809_2172		
1782	1781	permanent	permanent	Is this a permanent job?	這是正職工作嗎？	B1	work	ngsl_2809_1781	ngsl_2809_0230		
1783	1782	emotion	emotions	She doesn't show her emotions.	她不會表露情緒。	B1	social	ngsl_2809_1782	ngsl_2809_0109		
1784	1783	pursue	pursue	He left his job to pursue his dream.	他辭掉工作去追求夢想。	B2	work	ngsl_2809_1783	ngsl_2809_0125|ngsl_2809_0230|ngsl_2809_0965		
1785	1784	tall	tall	How tall are you?	你多高？	A1	social	ngsl_2809_1784			
1786	1785	urge	urge	I urge you to see a doctor.	我強烈建議你去看醫生。	B2	health	ngsl_2809_1785	ngsl_2809_0049|ngsl_2809_0762		
1787	1786	enemy	enemy	Stress is the enemy of good sleep.	壓力是好睡眠的大敵。	B2	health	ngsl_2809_1786	ngsl_2809_1043|ngsl_2809_0055|ngsl_2809_0826		enemy 在此為比喻用法
1788	1787	appoint	appointed	She was appointed team leader.	她被任命為組長。	B2	work	ngsl_2809_1787	ngsl_2809_0406|ngsl_2809_0595		
1789	1788	milk	milk	Do you take milk in your coffee?	你的咖啡要加牛奶嗎？	A1	food	ngsl_2809_1788	ngsl_2809_0058|ngsl_2809_1394		
1790	1789	talent	talent	She has a real talent for music.	她很有音樂天分。	B1	social	ngsl_2809_1789	ngsl_2809_0353|ngsl_2809_0391	a talent for	
1791	1790	smell	smell	I love the smell of fresh bread.	我很愛剛出爐麵包的香味。	A2	food	ngsl_2809_1790	ngsl_2809_0228|ngsl_2809_1308|ngsl_2809_2261		
1792	1791	prior	prior	Do I need prior experience for this job?	這份工作需要相關經驗嗎？	B2	work	ngsl_2809_1791	ngsl_2809_0089|ngsl_2809_0263|ngsl_2809_0230	prior experience	
1793	1792	priority	priority	Your safety is our top priority.	您的安全是我們的首要考量。	B2	travel	ngsl_2809_1792	ngsl_2809_1310|ngsl_2809_0374	top priority	
1794	1793	online	online	I bought these shoes online.	這雙鞋是我在網路上買的。	A2	shopping	ngsl_2809_1793	ngsl_2809_0241|ngsl_2809_1475		online 在此為副詞「在網路上」
1795	1794	phrase	phrase	What does this phrase mean?	這個片語是什麼意思？	A2	study	ngsl_2809_1794	ngsl_2809_0094		
1796	1795	pilot	pilot	The pilot said we're landing soon.	機長說我們快要降落了。	A2	travel	ngsl_2809_1795	ngsl_2809_0029|ngsl_2809_0496|ngsl_2809_0324		
1797	1796	stable	stable	His condition is stable now.	他的狀況現在很穩定。	B2	health	ngsl_2809_1796	ngsl_2809_0444|ngsl_2809_0069		
1798	1797	merely	merely	It was merely a suggestion.	那只是個建議而已。	B2	social	ngsl_2809_1797	ngsl_2809_1283		
1799	1798	resolution	resolution	My New Year's resolution is to exercise more.	我的新年新希望是多運動。	B1	daily	ngsl_2809_1798	ngsl_2809_0078|ngsl_2809_0057|ngsl_2809_0916	New Year's resolution	
1800	1799	communicate	communicate	We communicate mostly by email.	我們大多用電子郵件溝通。	B1	work	ngsl_2809_1799	ngsl_2809_1286|ngsl_2809_1168		
