reaction	ปฏิกิริยา	ردّ فعل
rain	ฝน	مطر
busy	ยุ่ง	مشغول
lesson	บทเรียน	درس
brain	สมอง	دماغ
mass	มวล, จำนวนมาก	كتلة، جماعي
funny	ตลก	مضحك
contribute	มีส่วนร่วม	يساهم
failure	ความล้มเหลว	فشل
schedule	ตารางเวลา	جدول
speaker	ผู้พูด, ลำโพง	متحدث، مكبر صوت
bottom	ด้านล่าง	أسفل
adopt	รับเอามาใช้, รับเลี้ยง	يتبنّى
combine	รวม	يجمع
mountain	ภูเขา	جبل
waste	ของเสีย, สิ้นเปลือง	نفايات، يهدر
hide	ซ่อน	يخفي
marriage	การแต่งงาน	زواج
ticket	ตั๋ว	تذكرة
meal	มื้ออาหาร	وجبة
colleague	เพื่อนร่วมงาน	زميل
bag	กระเป๋า	حقيبة
repeat	ทำซ้ำ	يكرر
equal	เท่ากัน	متساوٍ
expression	การแสดงออก, สำนวน	تعبير
plus	บวก	زائد
extremely	อย่างยิ่ง	للغاية
owner	เจ้าของ	مالك
plane	เครื่องบิน	طائرة
commercial	เชิงพาณิชย์, โฆษณา	تجاري، إعلان
lady	สุภาพสตรี	سيدة
duty	หน้าที่	واجب
strength	ความแข็งแรง	قوة
connect	เชื่อมต่อ	يوصل
cultural	ทางวัฒนธรรม	ثقافي
arrange	จัดเตรียม	يرتّب
scheme	แผนงาน	خطة
payment	การชำระเงิน	دفع
unfortunately	โชคไม่ดี	للأسف
brief	สั้น ๆ	موجز
bird	นก	طائر
demonstrate	สาธิต	يوضّح
contribution	การมีส่วนร่วม	مساهمة
appreciate	ขอบคุณ, ซาบซึ้ง	يقدّر
chapter	บท	فصل
secret	ความลับ	سر
apparently	ดูเหมือนว่า	على ما يبدو
novel	นวนิยาย	رواية
union	สหภาพ	اتحاد
burn	เผา	يحرق
trend	แนวโน้ม	اتجاه
initial	เบื้องต้น	أولي
pleasure	ความยินดี	سرور
suggestion	ข้อเสนอแนะ	اقتراح
critical	สำคัญมาก, วิจารณ์	حاسم، نقدي
gather	รวบรวม	يجمع
mostly	ส่วนใหญ่	في الغالب
earth	โลก	الأرض
pop	ป๊อป (ดนตรี)	بوب
essential	จำเป็น	ضروري
desire	ความปรารถนา	رغبة
promote	ส่งเสริม, เลื่อนตำแหน่ง	يروّج، يرقّي
currently	ปัจจุบัน	حاليًا
employ	จ้าง	يوظّف
path	เส้นทาง	مسار
topic	หัวข้อ	موضوع
beach	ชายหาด	شاطئ
attract	ดึงดูด	يجذب
engage	มีส่วนร่วม	يشارك
powerful	ทรงพลัง	قوي
flower	ดอกไม้	زهرة
crisis	วิกฤต	أزمة
settle	ตกลง, ตั้งรกราก	يسوّي، يستقر
boat	เรือ	قارب
aid	ความช่วยเหลือ	مساعدة
fan	แฟน (ผู้ชื่นชอบ), พัดลม	معجب، مروحة
kitchen	ห้องครัว	مطبخ
twice	สองครั้ง	مرتان
fresh	สด	طازج
delay	ล่าช้า	تأخير
safety	ความปลอดภัย	سلامة
engineer	วิศวกร	مهندس
quiet	เงียบ	هادئ
insurance	ประกัน	تأمين
nurse	พยาบาล	ممرضة
divide	แบ่ง	يقسّم
length	ความยาว	طول
investigation	การสืบสวน	تحقيق
package	พัสดุ, แพ็กเกจ	طرد، حزمة
somewhere	ที่ไหนสักแห่ง	في مكان ما
expand	ขยาย	يوسّع
commit	มุ่งมั่น, กระทำ (ผิด)	يلتزم، يرتكب
obvious	ชัดเจน	واضح
jump	กระโดด	يقفز
weapon	อาวุธ	سلاح
relatively	ค่อนข้าง	نسبيًا
host	เจ้าภาพ	مضيف
winter	ฤดูหนาว	شتاء
district	เขต	حي، منطقة
broad	กว้าง	واسع
tire	ยางรถ, เหนื่อย	إطار، يتعب
spring	ฤดูใบไม้ผลิ	ربيع
spirit	จิตวิญญาณ	روح
lunch	อาหารกลางวัน	غداء
actual	ที่แท้จริง	فعلي
pool	สระว่ายน้ำ	مسبح
battle	การต่อสู้	معركة
tradition	ประเพณี	تقليد
cash	เงินสด	نقد
hardly	แทบจะไม่	بالكاد
award	รางวัล	جائزة
coach	โค้ช	مدرب
experiment	การทดลอง	تجربة
consideration	การพิจารณา	اعتبار
strange	แปลก	غريب
code	รหัส	رمز
possibly	อาจจะ	ربما
threat	ภัยคุกคาม	تهديد
accident	อุบัติเหตุ	حادث
impossible	เป็นไปไม่ได้	مستحيل
revenue	รายได้	إيرادات
enable	ทำให้สามารถ	يمكّن
afraid	กลัว	خائف
active	กระตือรือร้น	نشط
conclude	สรุป	يستنتج
religious	ทางศาสนา	ديني
cancer	มะเร็ง	سرطان
convince	โน้มน้าว	يقنع
vary	แตกต่างกัน	يختلف
environmental	เกี่ยวกับสิ่งแวดล้อม	بيئي
sun	ดวงอาทิตย์	شمس
healthy	สุขภาพดี	صحي
blow	เป่า	ينفخ
volume	ระดับเสียง, ปริมาณ	مستوى الصوت، حجم
location	ตำแหน่ง	موقع
invest	ลงทุน	يستثمر
proceed	ดำเนินต่อ	يتابع
wash	ล้าง	يغسل
actor	นักแสดง	ممثل
glad	ดีใจ	مسرور
tape	เทป	شريط
whereas	ในขณะที่	بينما
opposite	ตรงข้าม	مقابل، عكس
stone	หิน	حجر
sum	ผลรวม	مجموع
murder	ฆาตกรรม	جريمة قتل
monitor	ติดตาม, จอ	يراقب، شاشة
soldier	ทหาร	جندي
finance	การเงิน	تمويل
hate	เกลียด	يكره
egg	ไข่	بيضة
concert	คอนเสิร์ต	حفلة موسيقية
shock	ช็อก, ตกใจ	صدمة
comfortable	สบาย	مريح
usual	ตามปกติ	معتاد
carefully	อย่างระมัดระวัง	بعناية
pack	แพ็ก, จัดกระเป๋า	يحزم
recall	นึกได้	يتذكر
wine	ไวน์	نبيذ
camera	กล้อง	كاميرا
swim	ว่ายน้ำ	يسبح
manufacture	ผลิต	يصنّع
theater	โรงละคร	مسرح
cycle	วงจร	دورة
coffee	กาแฟ	قهوة
totally	โดยสิ้นเชิง	تمامًا
museum	พิพิธภัณฑ์	متحف
visitor	ผู้มาเยือน	زائر
freedom	เสรีภาพ	حرية
construction	การก่อสร้าง	بناء
dear	ที่รัก	عزيزي
objective	วัตถุประสงค์	هدف
moreover	นอกจากนี้	علاوة على ذلك
onto	ขึ้นไปบน	على، فوق
historical	ทางประวัติศาสตร์	تاريخي
oppose	คัดค้าน	يعارض
branch	สาขา	فرع
vehicle	ยานพาหนะ	مركبة
scientist	นักวิทยาศาสตร์	عالِم
route	เส้นทาง	طريق
