sentence_id	primary_word_id	candidate_id	primary_zh	candidate_zh	decision	status	note
1	ngsl_2809_0000	ngsl_spoken_720_0001	（定冠詞）	這(個)；那(個) (定冠詞)	include	proposed	同一個字，兩份清單的翻譯用字不同；句中詞義兩邊都涵蓋
2	ngsl_2809_0001	ngsl_spoken_720_0000	是／存在	是；存在	include	proposed	同一個字，兩份清單的翻譯用字不同；句中詞義兩邊都涵蓋
3	ngsl_2809_0002	ngsl_spoken_720_0003	和／與	和；而且	include	proposed	同一個字，兩份清單的翻譯用字不同；句中詞義兩邊都涵蓋
4	ngsl_2809_0003	ngsl_spoken_720_0008	的	……的；關於	include	proposed	同一個字，兩份清單的翻譯用字不同；句中詞義兩邊都涵蓋
5	ngsl_2809_0004	ngsl_spoken_720_0005	到／為了	到；向；給；去 (不定詞/介詞)	include	proposed	同一個字，兩份清單的翻譯用字不同；句中詞義兩邊都涵蓋
6	ngsl_2809_0005	ngsl_spoken_720_0006	（不定冠詞）	一個 (不定冠詞)	include	proposed	同一個字，兩份清單的翻譯用字不同；句中詞義兩邊都涵蓋
7	ngsl_2809_0006	ngsl_spoken_720_0014	在…裡	在……裡面；在……期間	include	proposed	同一個字，兩份清單的翻譯用字不同；句中詞義兩邊都涵蓋
8	ngsl_2809_0007	ngsl_spoken_720_0007	有	有；擁有；已經 (助動詞)	include	proposed	同一個字，兩份清單的翻譯用字不同；句中詞義兩邊都涵蓋
9	ngsl_2809_0008	ngsl_spoken_720_0004	它	它；這	include	proposed	同一個字，兩份清單的翻譯用字不同；句中詞義兩邊都涵蓋
10	ngsl_2809_0009	ngsl_spoken_720_0002	你	你；你們	include	proposed	同一個字，兩份清單的翻譯用字不同；句中詞義兩邊都涵蓋
12	ngsl_2809_0011	ngsl_spoken_720_0026	為了	為了；對於；給；因為	include	proposed	同一個字，兩份清單的翻譯用字不同；句中詞義兩邊都涵蓋
13	ngsl_2809_0012	ngsl_spoken_720_0012	他們	他們；它們	include	proposed	同一個字，兩份清單的翻譯用字不同；句中詞義兩邊都涵蓋
14	ngsl_2809_0013	ngsl_spoken_720_0010	不	不；未	include	proposed	同一個字，兩份清單的翻譯用字不同；句中詞義兩邊都涵蓋
15	ngsl_2809_0014	ngsl_spoken_720_0011	那個	那個；那；(引導詞)	include	proposed	同一個字，兩份清單的翻譯用字不同；句中詞義兩邊都涵蓋
17	ngsl_2809_0016	ngsl_spoken_720_0022	在…上	在……上面；關於；開著	include	proposed	同一個字，兩份清單的翻譯用字不同；句中詞義兩邊都涵蓋
18	ngsl_2809_0017	ngsl_spoken_720_0037	和／用	和……一起；用；帶有	include	proposed	同一個字，兩份清單的翻譯用字不同；句中詞義兩邊都涵蓋
19	ngsl_2809_0018	ngsl_spoken_720_0020	這個	這個；這	include	proposed	同一個字，兩份清單的翻譯用字不同；句中詞義兩邊都涵蓋
21	ngsl_2809_0020	ngsl_spoken_720_0009	做	做；幹；(助動詞)	include	proposed	同一個字，兩份清單的翻譯用字不同；句中詞義兩邊都涵蓋
22	ngsl_2809_0021	ngsl_spoken_720_0043	作為	如同；作為；當……時	include	proposed	同一個字，兩份清單的翻譯用字不同；句中詞義兩邊都涵蓋
23	ngsl_2809_0022	ngsl_spoken_720_0039	在	在 (地點/時間)	include	proposed	同一個字，兩份清單的翻譯用字不同；句中詞義兩邊都涵蓋
25	ngsl_2809_0024	ngsl_spoken_720_0021	但是	但是；可是	include	proposed	同一個字，兩份清單的翻譯用字不同；句中詞義兩邊都涵蓋
26	ngsl_2809_0025	ngsl_spoken_720_0063	從	來自；從……起	include	proposed	同一個字，兩份清單的翻譯用字不同；句中詞義兩邊都涵蓋
27	ngsl_2809_0026	ngsl_spoken_720_0086	由	被；經由；在……旁	include	proposed	句中 by bus＝經由，口語清單含「經由」
28	ngsl_2809_0027	ngsl_spoken_720_0030	將會	將要；會；意志；遺囑	include	proposed	口語清單含「意志；遺囑」另一詞義，但首義「將要；會」與句意相同
29	ngsl_2809_0028	ngsl_spoken_720_0042	或者	或者；還是	include	proposed	同一個字，兩份清單的翻譯用字不同；句中詞義兩邊都涵蓋
31	ngsl_2809_0030	ngsl_spoken_720_0018	去	去；走；進行	include	proposed	同一個字，兩份清單的翻譯用字不同；句中詞義兩邊都涵蓋
32	ngsl_2809_0031	ngsl_spoken_720_0019	所以	所以；如此	include	proposed	同一個字，兩份清單的翻譯用字不同；句中詞義兩邊都涵蓋
33	ngsl_2809_0032	ngsl_spoken_720_0040	所有	全部	include	proposed	同一個字，兩份清單的翻譯用字不同；句中詞義兩邊都涵蓋
34	ngsl_2809_0033	ngsl_spoken_720_0038	如果	如果；是否	include	proposed	同一個字，兩份清單的翻譯用字不同；句中詞義兩邊都涵蓋
35	ngsl_2809_0034	ngsl_spoken_720_0036	一個	一；一個 (代詞)	include	proposed	同一個字，兩份清單的翻譯用字不同；句中詞義兩邊都涵蓋
36	ngsl_2809_0035	ngsl_spoken_720_0044	會	會；將要；想要 (will的過去式)	include	proposed	同一個字，兩份清單的翻譯用字不同；句中詞義兩邊都涵蓋
37	ngsl_2809_0036	ngsl_spoken_720_0041	關於	關於；大約	include	proposed	同一個字，兩份清單的翻譯用字不同；句中詞義兩邊都涵蓋
38	ngsl_2809_0037	ngsl_spoken_720_0048	能夠	能；可以；罐頭	include	proposed	口語清單含「罐頭」另一詞義，但首義「能；可以」與句意相同
39	ngsl_2809_0038	ngsl_spoken_720_0073	哪個	哪一個；(關係代詞)	include	proposed	同一個字，兩份清單的翻譯用字不同；句中詞義兩邊都涵蓋
40	ngsl_2809_0039	ngsl_spoken_720_0029	那裡	那裡；存在 (there is)	include	proposed	同一個字，兩份清單的翻譯用字不同；句中詞義兩邊都涵蓋
41	ngsl_2809_0040	ngsl_spoken_720_0016	知道	知道；了解；認識	include	proposed	同一個字，兩份清單的翻譯用字不同；句中詞義兩邊都涵蓋
42	ngsl_2809_0041	ngsl_spoken_720_0076	更多	更多；更	include	proposed	同一個字，兩份清單的翻譯用字不同；句中詞義兩邊都涵蓋
43	ngsl_2809_0042	ngsl_spoken_720_0017	得到	得到；獲得；變成；到達	include	proposed	同一個字，兩份清單的翻譯用字不同；句中詞義兩邊都涵蓋
44	ngsl_2809_0043	ngsl_spoken_720_0077	誰	誰；(關係代詞)	include	proposed	同一個字，兩份清單的翻譯用字不同；句中詞義兩邊都涵蓋
46	ngsl_2809_0045	ngsl_spoken_720_0056	當…時	當……時；什麼時候	include	proposed	同一個字，兩份清單的翻譯用字不同；句中詞義兩邊都涵蓋
47	ngsl_2809_0046	ngsl_spoken_720_0027	思考	想；認為	include	proposed	同一個字，兩份清單的翻譯用字不同；句中詞義兩邊都涵蓋
48	ngsl_2809_0047	ngsl_spoken_720_0068	製作	做；製造；使得	include	proposed	同一個字，兩份清單的翻譯用字不同；句中詞義兩邊都涵蓋
49	ngsl_2809_0048	ngsl_spoken_720_0064	時間	時間；次數	include	proposed	同一個字，兩份清單的翻譯用字不同；句中詞義兩邊都涵蓋
51	ngsl_2809_0050	ngsl_spoken_720_0033	什麼	什麼；……的事物	include	proposed	同一個字，兩份清單的翻譯用字不同；句中詞義兩邊都涵蓋
52	ngsl_2809_0051	ngsl_spoken_720_0050	向上	向上；起來；完全	include	proposed	同一個字，兩份清單的翻譯用字不同；句中詞義兩邊都涵蓋
54	ngsl_2809_0053	ngsl_spoken_720_0078	其他的	其他的；另外的	include	proposed	同一個字，兩份清單的翻譯用字不同；句中詞義兩邊都涵蓋
55	ngsl_2809_0054	ngsl_spoken_720_0052	出去	出來；在外；向外	include	proposed	同一個字，兩份清單的翻譯用字不同；句中詞義兩邊都涵蓋
56	ngsl_2809_0055	ngsl_spoken_720_0062	好的	好的；善良的；好處	include	proposed	同一個字，兩份清單的翻譯用字不同；句中詞義兩邊都涵蓋
60	ngsl_2809_0059	ngsl_spoken_720_0049	不	沒有	include	proposed	句中 No 是回絕用語；口語清單譯「沒有」偏限定詞用法，但同一個字，建議連結
61	ngsl_2809_0060	ngsl_spoken_720_0035	好	健康的；很好	include	proposed	句中 well＝很好（副詞），口語清單含「很好」
64	ngsl_2809_0063	ngsl_spoken_720_0034	剛才	剛剛；只是	include	proposed	同一個字，兩份清單的翻譯用字不同；句中詞義兩邊都涵蓋
65	ngsl_2809_0064	ngsl_spoken_720_0059	來	來；來到	include	proposed	同一個字，兩份清單的翻譯用字不同；句中詞義兩邊都涵蓋
66	ngsl_2809_0065	ngsl_spoken_720_0074	能夠	能；可以 (can的過去式)	include	proposed	同一個字，兩份清單的翻譯用字不同；句中詞義兩邊都涵蓋
67	ngsl_2809_0066	ngsl_spoken_720_0075	工作	工作；作品	include	proposed	同一個字，兩份清單的翻譯用字不同；句中詞義兩邊都涵蓋
71	ngsl_2809_0070	ngsl_spoken_720_0045	然後	那時；然後	include	proposed	同一個字，兩份清單的翻譯用字不同；句中詞義兩邊都涵蓋
72	ngsl_2809_0071	ngsl_spoken_720_0141	也	也；此外	include	proposed	同一個字，兩份清單的翻譯用字不同；句中詞義兩邊都涵蓋
73	ngsl_2809_0072	ngsl_spoken_720_0106	進入	進入；到……裡面	include	proposed	同一個字，兩份清單的翻譯用字不同；句中詞義兩邊都涵蓋
74	ngsl_2809_0073	ngsl_spoken_720_0101	只有	只有；僅僅；唯一的	include	proposed	同一個字，兩份清單的翻譯用字不同；句中詞義兩邊都涵蓋
77	ngsl_2809_0076	ngsl_spoken_720_0092	給	給予	include	proposed	同一個字，兩份清單的翻譯用字不同；句中詞義兩邊都涵蓋
78	ngsl_2809_0077	ngsl_spoken_720_0112	第一	第一；首先	include	proposed	同一個字，兩份清單的翻譯用字不同；句中詞義兩邊都涵蓋
80	ngsl_2809_0079	ngsl_spoken_720_0089	方式	路；方法	include	proposed	句中 way＝路，口語清單「路；方法」更貼近句意
82	ngsl_2809_0081	ngsl_spoken_720_0103	超過	在……上方；超過；結束	include	proposed	句中 over＝結束，口語清單翻譯含「結束」，比 NGSL「超過」更貼近句意
84	ngsl_2809_0083	ngsl_spoken_720_0156	之後	在……之後	include	proposed	同一個字，兩份清單的翻譯用字不同；句中詞義兩邊都涵蓋
85	ngsl_2809_0084	ngsl_spoken_720_0105	天	天；白天	include	proposed	同一個字，兩份清單的翻譯用字不同；句中詞義兩邊都涵蓋
86	ngsl_2809_0085	ngsl_spoken_720_0080	哪裡	在哪裡；在……的地方	include	proposed	同一個字，兩份清單的翻譯用字不同；句中詞義兩邊都涵蓋
87	ngsl_2809_0086	ngsl_spoken_720_0054	事情	事物；東西；事情	include	proposed	同一個字，兩份清單的翻譯用字不同；句中詞義兩邊都涵蓋
88	ngsl_2809_0087	ngsl_spoken_720_0183	最多	最多的；大部分	include	proposed	同一個字，兩份清單的翻譯用字不同；句中詞義兩邊都涵蓋
93	ngsl_2809_0092	ngsl_spoken_720_0083	如何	如何；怎樣；多麼	include	proposed	同一個字，兩份清單的翻譯用字不同；句中詞義兩邊都涵蓋
95	ngsl_2809_0094	ngsl_spoken_720_0051	意思是	意味著	include	proposed	同一個字，兩份清單的翻譯用字不同；句中詞義兩邊都涵蓋
96	ngsl_2809_0095	ngsl_spoken_720_0125	甚至	甚至；連；平坦的	include	proposed	口語清單含「平坦的」另一詞義，但首義「甚至」與句意相同
100	ngsl_2809_0099	ngsl_spoken_720_0317	如此	這樣的；如此的	include	proposed	同一個字，兩份清單的翻譯用字不同；句中詞義兩邊都涵蓋
102	ngsl_2809_0101	ngsl_spoken_720_0190	小孩	兒童；孩子	include	proposed	同一個字，兩份清單的翻譯用字不同；句中詞義兩邊都涵蓋
104	ngsl_2809_0103	ngsl_spoken_720_0057	真的	真正地；確實；真地	include	proposed	同一個字，兩份清單的翻譯用字不同；句中詞義兩邊都涵蓋
105	ngsl_2809_0104	ngsl_spoken_720_0117	打電話	打電話；呼喚	include	proposed	同一個字，兩份清單的翻譯用字不同；句中詞義兩邊都涵蓋
106	ngsl_2809_0105	ngsl_spoken_720_0132	之前	在……之前；以前	include	proposed	同一個字，兩份清單的翻譯用字不同；句中詞義兩邊都涵蓋
107	ngsl_2809_0106	ngsl_spoken_720_0372	公司	公司；陪伴	include	proposed	同一個字，兩份清單的翻譯用字不同；句中詞義兩邊都涵蓋
108	ngsl_2809_0107	ngsl_spoken_720_0127	穿過	穿過；透過	include	proposed	同一個字，兩份清單的翻譯用字不同；句中詞義兩邊都涵蓋
109	ngsl_2809_0108	ngsl_spoken_720_0091	向下	向下；沉沒	include	proposed	同一個字，兩份清單的翻譯用字不同；句中詞義兩邊都涵蓋
111	ngsl_2809_0110	ngsl_spoken_720_0249	生命	生命；生活	include	proposed	同一個字，兩份清單的翻譯用字不同；句中詞義兩邊都涵蓋
114	ngsl_2809_0113	ngsl_spoken_720_0167	地方	地方；地點	include	proposed	同一個字，兩份清單的翻譯用字不同；句中詞義兩邊都涵蓋
116	ngsl_2809_0115	ngsl_spoken_720_0245	之間	在……之間	include	proposed	同一個字，兩份清單的翻譯用字不同；句中詞義兩邊都涵蓋
118	ngsl_2809_0117	ngsl_spoken_720_0114	也	也；太	include	proposed	同一個字，兩份清單的翻譯用字不同；句中詞義兩邊都涵蓋
120	ngsl_2809_0119	ngsl_spoken_720_0134	問題	問題；困難	include	proposed	同一個字，兩份清單的翻譯用字不同；句中詞義兩邊都涵蓋
121	ngsl_2809_0120	ngsl_spoken_720_0182	寫	書寫；寫作	include	proposed	同一個字，兩份清單的翻譯用字不同；句中詞義兩邊都涵蓋
124	ngsl_2809_0123	ngsl_spoken_720_0194	偉大的	偉大的；極好的	include	proposed	同一個字，兩份清單的翻譯用字不同；句中詞義兩邊都涵蓋
127	ngsl_2809_0126	ngsl_spoken_720_0161	數字	數字；數量	include	proposed	同一個字，兩份清單的翻譯用字不同；句中詞義兩邊都涵蓋
128	ngsl_2809_0127	ngsl_spoken_720_0231	兩者	兩者都	include	proposed	同一個字，兩份清單的翻譯用字不同；句中詞義兩邊都涵蓋
129	ngsl_2809_0128	ngsl_spoken_720_0202	自己的	自己的；擁有	include	proposed	同一個字，兩份清單的翻譯用字不同；句中詞義兩邊都涵蓋
131	ngsl_2809_0130	ngsl_spoken_720_0128	重點	要點；點；指出	include	proposed	同一個字，兩份清單的翻譯用字不同；句中詞義兩邊都涵蓋
132	ngsl_2809_0131	ngsl_spoken_720_0104	小的	少的；小的	include	proposed	同一個字，兩份清單的翻譯用字不同；句中詞義兩邊都涵蓋
134	ngsl_2809_0133	ngsl_spoken_720_0139	問	詢問；要求	include	proposed	同一個字，兩份清單的翻譯用字不同；句中詞義兩邊都涵蓋
135	ngsl_2809_0134	ngsl_spoken_720_0158	見面	遇見；會議；滿足	include	proposed	同一個字，兩份清單的翻譯用字不同；句中詞義兩邊都涵蓋
138	ngsl_2809_0137	ngsl_spoken_720_0082	某事	某事；某物	include	proposed	同一個字，兩份清單的翻譯用字不同；句中詞義兩邊都涵蓋
139	ngsl_2809_0138	ngsl_spoken_720_0090	放置	放；放置	include	proposed	同一個字，兩份清單的翻譯用字不同；句中詞義兩邊都涵蓋
141	ngsl_2809_0140	ngsl_spoken_720_0367	成為	變成	include	proposed	同一個字，兩份清單的翻譯用字不同；句中詞義兩邊都涵蓋
150	ngsl_2809_0149	ngsl_spoken_720_0111	關閉	離開；關閉	include	proposed	同一個字，兩份清單的翻譯用字不同；句中詞義兩邊都涵蓋
151	ngsl_2809_0150	ngsl_spoken_720_0163	下一個	下一個的；接下來	include	proposed	同一個字，兩份清單的翻譯用字不同；句中詞義兩邊都涵蓋
153	ngsl_2809_0152	ngsl_spoken_720_0177	生活	生活；居住；現場的	include	proposed	同一個字，兩份清單的翻譯用字不同；句中詞義兩邊都涵蓋
155	ngsl_2809_0154	ngsl_spoken_720_0307	當…時候	當……的時候；一段時間	include	proposed	同一個字，兩份清單的翻譯用字不同；句中詞義兩邊都涵蓋
157	ngsl_2809_0156	ngsl_spoken_720_0131	週	週；星期	include	proposed	同一個字，兩份清單的翻譯用字不同；句中詞義兩邊都涵蓋
158	ngsl_2809_0157	ngsl_spoken_720_0193	玩耍	玩耍；演奏	include	proposed	同一個字，兩份清單的翻譯用字不同；句中詞義兩邊都涵蓋
159	ngsl_2809_0158	ngsl_spoken_720_0126	可能	可能；也許	include	proposed	同一個字，兩份清單的翻譯用字不同；句中詞義兩邊都涵蓋
160	ngsl_2809_0159	ngsl_spoken_720_0228	必須	必須；一定	include	proposed	同一個字，兩份清單的翻譯用字不同；句中詞義兩邊都涵蓋
163	ngsl_2809_0162	ngsl_spoken_720_0475	包含	包含；包括	include	proposed	同一個字，兩份清單的翻譯用字不同；句中詞義兩邊都涵蓋
164	ngsl_2809_0163	ngsl_spoken_720_0148	課程	課程；過程	include	proposed	同一個字，兩份清單的翻譯用字不同；句中詞義兩邊都涵蓋
166	ngsl_2809_0165	ngsl_spoken_720_0290	報告	報導；報告	include	proposed	同一個字，兩份清單的翻譯用字不同；句中詞義兩邊都涵蓋
168	ngsl_2809_0167	ngsl_spoken_720_0257	案例	情況；案件；箱子	include	proposed	同一個字，兩份清單的翻譯用字不同；句中詞義兩邊都涵蓋
170	ngsl_2809_0169	ngsl_spoken_720_0181	周圍	在周圍；大約	include	proposed	同一個字，兩份清單的翻譯用字不同；句中詞義兩邊都涵蓋
172	ngsl_2809_0171	ngsl_spoken_720_0273	家庭	家庭；家人	include	proposed	同一個字，兩份清單的翻譯用字不同；句中詞義兩邊都涵蓋
174	ngsl_2809_0173	ngsl_spoken_720_0116	讓	讓；允許	include	proposed	同一個字，兩份清單的翻譯用字不同；句中詞義兩邊都涵蓋
176	ngsl_2809_0175	ngsl_spoken_720_0099	種類	種類；親切的	include	proposed	同一個字，兩份清單的翻譯用字不同；句中詞義兩邊都涵蓋
178	ngsl_2809_0177	ngsl_spoken_720_0162	聽到	聽見	include	proposed	同一個字，兩份清單的翻譯用字不同；句中詞義兩邊都涵蓋
179	ngsl_2809_0178	ngsl_spoken_720_0328	系統	系統；制度	include	proposed	同一個字，兩份清單的翻譯用字不同；句中詞義兩邊都涵蓋
180	ngsl_2809_0179	ngsl_spoken_720_0185	每個	每一個	include	proposed	同一個字，兩份清單的翻譯用字不同；句中詞義兩邊都涵蓋
181	ngsl_2809_0180	ngsl_spoken_720_0140	問題	問題；疑問	include	proposed	同一個字，兩份清單的翻譯用字不同；句中詞義兩邊都涵蓋
182	ngsl_2809_0181	ngsl_spoken_720_0453	在…期間	在……期間	include	proposed	同一個字，兩份清單的翻譯用字不同；句中詞義兩邊都涵蓋
185	ngsl_2809_0184	ngsl_spoken_720_0254	設置	設定	include	proposed	同一個字，兩份清單的翻譯用字不同；句中詞義兩邊都涵蓋
187	ngsl_2809_0186	ngsl_spoken_720_0524	學習	研究；學習	include	proposed	同一個字，兩份清單的翻譯用字不同；句中詞義兩邊都涵蓋
191	ngsl_2809_0190	ngsl_spoken_720_0335	自從	自從；因為	include	proposed	同一個字，兩份清單的翻譯用字不同；句中詞義兩邊都涵蓋
192	ngsl_2809_0191	ngsl_spoken_720_0223	跑	跑步	include	proposed	同一個字，兩份清單的翻譯用字不同；句中詞義兩邊都涵蓋
193	ngsl_2809_0192	ngsl_spoken_720_0326	在…下面	在……下面	include	proposed	同一個字，兩份清單的翻譯用字不同；句中詞義兩邊都涵蓋
195	ngsl_2809_0194	ngsl_spoken_720_0247	少數	少數的；幾乎沒有	include	proposed	同一個字，兩份清單的翻譯用字不同；句中詞義兩邊都涵蓋
201	ngsl_2809_0200	ngsl_spoken_720_0166	金錢	錢；資金	include	proposed	同一個字，兩份清單的翻譯用字不同；句中詞義兩邊都涵蓋
204	ngsl_2809_0203	ngsl_spoken_720_0203	地區	區域；領域	include	proposed	同一個字，兩份清單的翻譯用字不同；句中詞義兩邊都涵蓋
206	ngsl_2809_0205	ngsl_spoken_720_0222	名字	名字；命名	include	proposed	同一個字，兩份清單的翻譯用字不同；句中詞義兩邊都涵蓋
211	ngsl_2809_0210	ngsl_spoken_720_0349	商業	商業；生意	include	proposed	同一個字，兩份清單的翻譯用字不同；句中詞義兩邊都涵蓋
212	ngsl_2809_0211	ngsl_spoken_720_0362	沒有	沒有；無	include	proposed	同一個字，兩份清單的翻譯用字不同；句中詞義兩邊都涵蓋
214	ngsl_2809_0213	ngsl_spoken_720_0287	打開	開啟；開張	include	proposed	同一個字，兩份清單的翻譯用字不同；句中詞義兩邊都涵蓋
215	ngsl_2809_0214	ngsl_spoken_720_0336	訂單	順序；訂單；命令	include	proposed	同一個字，兩份清單的翻譯用字不同；句中詞義兩邊都涵蓋
217	ngsl_2809_0216	ngsl_spoken_720_0225	單字	單字；話語	include	proposed	同一個字，兩份清單的翻譯用字不同；句中詞義兩邊都涵蓋
220	ngsl_2809_0219	ngsl_spoken_720_0165	支付	工資；支付	include	proposed	同一個字，兩份清單的翻譯用字不同；句中詞義兩邊都涵蓋
222	ngsl_2809_0221	ngsl_spoken_720_0357	持有	握住；舉行	include	proposed	同一個字，兩份清單的翻譯用字不同；句中詞義兩邊都涵蓋
224	ngsl_2809_0223	ngsl_spoken_720_0428	反對	反對；對抗；靠著	include	proposed	同一個字，兩份清單的翻譯用字不同；句中詞義兩邊都涵蓋
225	ngsl_2809_0224	ngsl_spoken_720_0251	相信	相信；認為	include	proposed	同一個字，兩份清單的翻譯用字不同；句中詞義兩邊都涵蓋
227	ngsl_2809_0226	ngsl_spoken_720_0174	雖然	雖然；儘管；然而	include	proposed	同一個字，兩份清單的翻譯用字不同；句中詞義兩邊都涵蓋
228	ngsl_2809_0227	ngsl_spoken_720_0055	是的	是的；對	include	proposed	同一個字，兩份清單的翻譯用字不同；句中詞義兩邊都涵蓋
231	ngsl_2809_0230	ngsl_spoken_720_0195	工作	工作；職業	include	proposed	同一個字，兩份清單的翻譯用字不同；句中詞義兩邊都涵蓋
232	ngsl_2809_0231	ngsl_spoken_720_0276	計劃	計畫	include	proposed	同一個字，兩份清單的翻譯用字不同；句中詞義兩邊都涵蓋
234	ngsl_2809_0233	ngsl_spoken_720_0199	離開	離開；遠離	include	proposed	同一個字，兩份清單的翻譯用字不同；句中詞義兩邊都涵蓋
235	ngsl_2809_0234	ngsl_spoken_720_0294	例子	例子；榜樣	include	proposed	同一個字，兩份清單的翻譯用字不同；句中詞義兩邊都涵蓋
237	ngsl_2809_0236	ngsl_spoken_720_0562	提供	提供；主動提出	include	proposed	同一個字，兩份清單的翻譯用字不同；句中詞義兩邊都涵蓋
239	ngsl_2809_0238	ngsl_spoken_720_0323	關閉	關閉；結束	include	proposed	同一個字，兩份清單的翻譯用字不同；句中詞義兩邊都涵蓋
240	ngsl_2809_0239	ngsl_spoken_720_0345	程式	計畫；節目；程序	include	proposed	同一個字，兩份清單的翻譯用字不同；句中詞義兩邊都涵蓋
241	ngsl_2809_0240	ngsl_spoken_720_0543	領導	帶領	include	proposed	同一個字，兩份清單的翻譯用字不同；句中詞義兩邊都涵蓋
243	ngsl_2809_0242	ngsl_spoken_720_0229	了解	理解；明白	include	proposed	同一個字，兩份清單的翻譯用字不同；句中詞義兩邊都涵蓋
245	ngsl_2809_0244	ngsl_spoken_720_0252	遠的	遙遠的	include	proposed	同一個字，兩份清單的翻譯用字不同；句中詞義兩邊都涵蓋
251	ngsl_2809_0250	ngsl_spoken_720_0232	想法	想法；點子	include	proposed	同一個字，兩份清單的翻譯用字不同；句中詞義兩邊都涵蓋
252	ngsl_2809_0251	ngsl_spoken_720_0329	費用	成本；費用	include	proposed	同一個字，兩份清單的翻譯用字不同；句中詞義兩邊都涵蓋
253	ngsl_2809_0252	ngsl_spoken_720_0404	較少	較少的	include	proposed	同一個字，兩份清單的翻譯用字不同；句中詞義兩邊都涵蓋
255	ngsl_2809_0254	ngsl_spoken_720_0318	直到	直到……為止	include	proposed	同一個字，兩份清單的翻譯用字不同；句中詞義兩邊都涵蓋
256	ngsl_2809_0255	ngsl_spoken_720_0280	理由	原因；理由	include	proposed	同一個字，兩份清單的翻譯用字不同；句中詞義兩邊都涵蓋
257	ngsl_2809_0256	ngsl_spoken_720_0392	表格	形式；表格；形成	include	proposed	同一個字，兩份清單的翻譯用字不同；句中詞義兩邊都涵蓋
259	ngsl_2809_0258	ngsl_spoken_720_0376	頭部	頭	include	proposed	同一個字，兩份清單的翻譯用字不同；句中詞義兩邊都涵蓋
261	ngsl_2809_0260	ngsl_spoken_720_0363	學習	學習；得知	include	proposed	同一個字，兩份清單的翻譯用字不同；句中詞義兩邊都涵蓋
262	ngsl_2809_0261	ngsl_spoken_720_0320	等級	等級；水平	include	proposed	同一個字，兩份清單的翻譯用字不同；句中詞義兩邊都涵蓋
263	ngsl_2809_0262	ngsl_spoken_720_0286	人	個人；人	include	proposed	同一個字，兩份清單的翻譯用字不同；句中詞義兩邊都涵蓋
264	ngsl_2809_0263	ngsl_spoken_720_0442	經驗	經驗；體驗	include	proposed	同一個字，兩份清單的翻譯用字不同；句中詞義兩邊都涵蓋
265	ngsl_2809_0264	ngsl_spoken_720_0288	一次	一次；曾經	include	proposed	同一個字，兩份清單的翻譯用字不同；句中詞義兩邊都涵蓋
266	ngsl_2809_0265	ngsl_spoken_720_0368	成員	成員；會員	include	proposed	同一個字，兩份清單的翻譯用字不同；句中詞義兩邊都涵蓋
267	ngsl_2809_0266	ngsl_spoken_720_0240	足夠	足夠的；充分地	include	proposed	同一個字，兩份清單的翻譯用字不同；句中詞義兩邊都涵蓋
271	ngsl_2809_0270	ngsl_spoken_720_0236	能夠的	有能力的	include	proposed	同一個字，兩份清單的翻譯用字不同；句中詞義兩邊都涵蓋
274	ngsl_2809_0273	ngsl_spoken_720_0322	線	線；一行；線路	include	proposed	同一個字，兩份清單的翻譯用字不同；句中詞義兩邊都涵蓋
276	ngsl_2809_0275	ngsl_spoken_720_0239	側面	邊；側	include	proposed	同一個字，兩份清單的翻譯用字不同；句中詞義兩邊都涵蓋
277	ngsl_2809_0276	ngsl_spoken_720_0121	相當	相當；非常	include	proposed	同一個字，兩份清單的翻譯用字不同；句中詞義兩邊都涵蓋
278	ngsl_2809_0277	ngsl_spoken_720_0487	雖然	雖然；儘管	include	proposed	同一個字，兩份清單的翻譯用字不同；句中詞義兩邊都涵蓋
279	ngsl_2809_0278	ngsl_spoken_720_0143	確定的	確信的；當然	include	proposed	同一個字，兩份清單的翻譯用字不同；句中詞義兩邊都涵蓋
280	ngsl_2809_0279	ngsl_spoken_720_0248	術語	學期；期限	include	proposed	同一個字，兩份清單的翻譯用字不同；句中詞義兩邊都涵蓋
281	ngsl_2809_0280	ngsl_spoken_720_0325	最少	最少的	include	proposed	同一個字，兩份清單的翻譯用字不同；句中詞義兩邊都涵蓋
282	ngsl_2809_0281	ngsl_spoken_720_0450	年齡	年齡；時代	include	proposed	同一個字，兩份清單的翻譯用字不同；句中詞義兩邊都涵蓋
285	ngsl_2809_0284	ngsl_spoken_720_0350	在…內	在……之內	include	proposed	同一個字，兩份清單的翻譯用字不同；句中詞義兩邊都涵蓋
286	ngsl_2809_0285	ngsl_spoken_720_0356	過程	過程；處理	include	proposed	同一個字，兩份清單的翻譯用字不同；句中詞義兩邊都涵蓋
287	ngsl_2809_0286	ngsl_spoken_720_0403	公眾的	公眾；公開的	include	proposed	同一個字，兩份清單的翻譯用字不同；句中詞義兩邊都涵蓋
292	ngsl_2809_0291	ngsl_spoken_720_0304	寧可	相當；寧願	include	proposed	同一個字，兩份清單的翻譯用字不同；句中詞義兩邊都涵蓋
293	ngsl_2809_0292	ngsl_spoken_720_0380	觀點	觀點；景色	include	proposed	同一個字，兩份清單的翻譯用字不同；句中詞義兩邊都涵蓋
295	ngsl_2809_0294	ngsl_spoken_720_0515	考慮	考慮；認為	include	proposed	同一個字，兩份清單的翻譯用字不同；句中詞義兩邊都涵蓋
297	ngsl_2809_0296	ngsl_spoken_720_0346	父母	父母；雙親之一	include	proposed	同一個字，兩份清單的翻譯用字不同；句中詞義兩邊都涵蓋
298	ngsl_2809_0297	ngsl_spoken_720_0264	努力	困難的；努力地；堅硬的	include	proposed	同一個字，兩份清單的翻譯用字不同；句中詞義兩邊都涵蓋
299	ngsl_2809_0298	ngsl_spoken_720_0462	派對	派對；政黨；當事人	include	proposed	同一個字，兩份清單的翻譯用字不同；句中詞義兩邊都涵蓋
300	ngsl_2809_0299	ngsl_spoken_720_0396	當地的	當地的；本地人	include	proposed	同一個字，兩份清單的翻譯用字不同；句中詞義兩邊都涵蓋
